-1,"{""schema"":[""model_id BIGINT,model_info VARCHAR,label_value DOUBLE""],""param"":[""{\""featureCols\"":\""[\\\""R_D_Spend\\\"",\\\""Administration\\\"",\\\""Marketing_Spend\\\""]\"",\""labelCol\"":\""\\\""Profit\\\""\"",\""predictionCol\"":\""\\\""pred\\\""\""}""],""clazz"":[""com.alibaba.alink.pipeline.regression.RandomForestRegressionModel""]}"
0,"5242880^{""node"":{""featureIndex"":1,""gain"":1.017216733606807E8,""counter"":{""weightSum"":25.0,""numInst"":25,""distributions"":[2680939.23,3.0372091321275146E11]},""categoricalSplit"":null,""continuousSplit"":88419.025},""id"":4,""nextIds"":[9,10]}^"
0,"11534336^{""node"":{""featureIndex"":2,""gain"":8.639658937510902E7,""counter"":{""weightSum"":21.0,""numInst"":21,""distributions"":[2344426.07,2.7519986607188135E11]},""categoricalSplit"":null,""continuousSplit"":215143.885},""id"":10,""nextIds"":[17,18]}^"
0,"17825792^{""node"":{""featureIndex"":-1,""gain"":0.0,""counter"":{""weightSum"":2.0,""numInst"":2,""distributions"":[88742.635,7.935114501508849E9]},""categoricalSplit"":null,""continuousSplit"":0.0},""id"":16,""nextIds"":null}^"
0,"24117248^{""node"":{""featureIndex"":1,""gain"":2.0291366007315135E8,""counter"":{""weightSum"":8.0,""numInst"":8,""distributions"":[926403.9,1.1273288023906741E11]},""categoricalSplit"":null,""continuousSplit"":118706.88},""id"":22,""nextIds"":[25,26]}^"
0,"30408704^{""node"":{""featureIndex"":-1,""gain"":0.0,""counter"":{""weightSum"":3.0,""numInst"":3,""distributions"":[88791.98,7.947214418983266E9]},""categoricalSplit"":null,""continuousSplit"":0.0},""id"":28,""nextIds"":null}^"
0,"36700160^{""node"":{""featureIndex"":0,""gain"":7.546158254404693E8,""counter"":{""weightSum"":6.0,""numInst"":6,""distributions"":[350650.71,2.74910219788699E10]},""categoricalSplit"":null,""continuousSplit"":8023.889999999999},""id"":3,""nextIds"":[7,8]}^"
0,"42991616^{""node"":{""featureIndex"":0,""gain"":2.1292179779025078E7,""counter"":{""weightSum"":4.0,""numInst"":4,""distributions"":[336513.16000000003,2.8521047140870197E10]},""categoricalSplit"":null,""continuousSplit"":33225.715},""id"":9,""nextIds"":[15,16]}^"
0,"49283072^{""node"":{""featureIndex"":-1,""gain"":0.0,""counter"":{""weightSum"":2.0,""numInst"":2,""distributions"":[79513.945,6.32540906892625E9]},""categoricalSplit"":null,""continuousSplit"":0.0},""id"":15,""nextIds"":null}^"
0,"55574528^{""node"":{""featureIndex"":-1,""gain"":0.0,""counter"":{""weightSum"":3.0,""numInst"":3,""distributions"":[133038.44666666668,1.79951597804942E10]},""categoricalSplit"":null,""continuousSplit"":0.0},""id"":21,""nextIds"":null}^"
0,"61865984^{""node"":{""featureIndex"":-1,""gain"":0.0,""counter"":{""weightSum"":3.0,""numInst"":3,""distributions"":[93329.37333333334,8.961033785149933E9]},""categoricalSplit"":null,""continuousSplit"":0.0},""id"":27,""nextIds"":null}^"
0,"68157440^{""node"":{""featureIndex"":1,""gain"":6.212586118728849E7,""counter"":{""weightSum"":9.0,""numInst"":9,""distributions"":[1477730.03,2.492304928995097E11]},""categoricalSplit"":null,""continuousSplit"":132381.175},""id"":2,""nextIds"":[5,6]}^"
0,"74448896^{""node"":{""featureIndex"":-1,""gain"":0.0,""counter"":{""weightSum"":3.0,""numInst"":3,""distributions"":[85912.05666666666,8.0638518914029665E9]},""categoricalSplit"":null,""continuousSplit"":0.0},""id"":8,""nextIds"":null}^"
0,"80740352^{""node"":{""featureIndex"":-1,""gain"":0.0,""counter"":{""weightSum"":2.0,""numInst"":2,""distributions"":[172001.91499999998,2.997630860278825E10]},""categoricalSplit"":null,""continuousSplit"":0.0},""id"":14,""nextIds"":null}^"
0,"87031808^{""node"":{""featureIndex"":-1,""gain"":0.0,""counter"":{""weightSum"":2.0,""numInst"":2,""distributions"":[129702.445,1.7520744073582253E10]},""categoricalSplit"":null,""continuousSplit"":0.0},""id"":20,""nextIds"":null}^"
0,"93323264^{""node"":{""featureIndex"":1,""gain"":2.922117449942551E7,""counter"":{""weightSum"":5.0,""numInst"":5,""distributions"":[634172.22,8.080518768345401E10]},""categoricalSplit"":null,""continuousSplit"":129138.91},""id"":26,""nextIds"":[29,30]}^"
0,"99614720^{""node"":{""featureIndex"":2,""gain"":3.716485778917229E8,""counter"":{""weightSum"":31.0,""numInst"":31,""distributions"":[3031589.94,3.312119351916214E11]},""categoricalSplit"":null,""continuousSplit"":45629.155},""id"":1,""nextIds"":[3,4]}^"
0,"105906176^{""node"":{""featureIndex"":-1,""gain"":0.0,""counter"":{""weightSum"":3.0,""numInst"":3,""distributions"":[30971.513333333336,1.0998221015536668E9]},""categoricalSplit"":null,""continuousSplit"":0.0},""id"":7,""nextIds"":null}^"
0,"112197632^{""node"":{""featureIndex"":-1,""gain"":0.0,""counter"":{""weightSum"":2.0,""numInst"":2,""distributions"":[174007.215,3.061174184085445E10]},""categoricalSplit"":null,""continuousSplit"":0.0},""id"":13,""nextIds"":null}^"
0,"118489088^{""node"":{""featureIndex"":1,""gain"":4.509491842800379E7,""counter"":{""weightSum"":8.0,""numInst"":8,""distributions"":[759501.9400000001,7.34400183441668E10]},""categoricalSplit"":null,""continuousSplit"":134386.385},""id"":19,""nextIds"":[23,24]}^"
0,"124780544^{""node"":{""featureIndex"":-1,""gain"":0.0,""counter"":{""weightSum"":3.0,""numInst"":3,""distributions"":[97410.56,1.0642564185204466E10]},""categoricalSplit"":null,""continuousSplit"":0.0},""id"":25,""nextIds"":null}^"
0,"131072000^{""node"":{""featureIndex"":2,""gain"":7.687892821837807E8,""counter"":{""weightSum"":40.0,""numInst"":40,""distributions"":[4509319.969999999,5.80442428091131E11]},""categoricalSplit"":null,""continuousSplit"":304875.175},""id"":0,""nextIds"":[1,2]}^"
0,"137363456^{""node"":{""featureIndex"":1,""gain"":1005307.0225048065,""counter"":{""weightSum"":4.0,""numInst"":4,""distributions"":[692018.26,1.211761008872854E11]},""categoricalSplit"":null,""continuousSplit"":147124.505},""id"":6,""nextIds"":[13,14]}^"
0,"143654912^{""node"":{""featureIndex"":-1,""gain"":0.0,""counter"":{""weightSum"":2.0,""numInst"":2,""distributions"":[186976.19,3.497669473255611E10]},""categoricalSplit"":null,""continuousSplit"":0.0},""id"":12,""nextIds"":null}^"
0,"149946368^{""node"":{""featureIndex"":1,""gain"":5.893829478975469E7,""counter"":{""weightSum"":11.0,""numInst"":11,""distributions"":[1325519.24,1.6671835958055E11]},""categoricalSplit"":null,""continuousSplit"":112230.705},""id"":18,""nextIds"":[21,22]}^"
0,"156237824^{""node"":{""featureIndex"":-1,""gain"":0.0,""counter"":{""weightSum"":2.0,""numInst"":2,""distributions"":[106568.94,1.1357636865883598E10]},""categoricalSplit"":null,""continuousSplit"":0.0},""id"":24,""nextIds"":null}^"
0,"162529280^{""node"":{""featureIndex"":-1,""gain"":0.0,""counter"":{""weightSum"":2.0,""numInst"":2,""distributions"":[133455.0,1.78109635255225E10]},""categoricalSplit"":null,""continuousSplit"":0.0},""id"":30,""nextIds"":null}^"
0,"168820736^{""node"":{""featureIndex"":2,""gain"":5.933718469832696E8,""counter"":{""weightSum"":5.0,""numInst"":5,""distributions"":[785711.77,1.280543920122243E11]},""categoricalSplit"":null,""continuousSplit"":373030.49},""id"":5,""nextIds"":[11,12]}^"
0,"175112192^{""node"":{""featureIndex"":-1,""gain"":0.0,""counter"":{""weightSum"":3.0,""numInst"":3,""distributions"":[137253.13,1.9367000849037365E10]},""categoricalSplit"":null,""continuousSplit"":0.0},""id"":11,""nextIds"":null}^"
0,"181403648^{""node"":{""featureIndex"":1,""gain"":1.9337352638616866E8,""counter"":{""weightSum"":10.0,""numInst"":10,""distributions"":[1018906.8300000001,1.084815064913313E11]},""categoricalSplit"":null,""continuousSplit"":145667.425},""id"":17,""nextIds"":[19,20]}^"
0,"187695104^{""node"":{""featureIndex"":1,""gain"":5146984.56534338,""counter"":{""weightSum"":6.0,""numInst"":6,""distributions"":[546364.06,5.07247446123996E10]},""categoricalSplit"":null,""continuousSplit"":117093.66500000001},""id"":23,""nextIds"":[27,28]}^"
0,"193986560^{""node"":{""featureIndex"":-1,""gain"":0.0,""counter"":{""weightSum"":3.0,""numInst"":3,""distributions"":[122420.73999999999,1.5061086877469666E10]},""categoricalSplit"":null,""continuousSplit"":0.0},""id"":29,""nextIds"":null}^"
0,"200278016^{""node"":{""featureIndex"":1,""gain"":1.017216733606807E8,""counter"":{""weightSum"":25.0,""numInst"":25,""distributions"":[2680939.23,3.0372091321275146E11]},""categoricalSplit"":null,""continuousSplit"":88419.025},""id"":4,""nextIds"":[9,10]}^"
0,"206569472^{""node"":{""featureIndex"":2,""gain"":8.639658937510902E7,""counter"":{""weightSum"":21.0,""numInst"":21,""distributions"":[2344426.07,2.7519986607188135E11]},""categoricalSplit"":null,""continuousSplit"":215143.885},""id"":10,""nextIds"":[17,18]}^"
0,"212860928^{""node"":{""featureIndex"":-1,""gain"":0.0,""counter"":{""weightSum"":2.0,""numInst"":2,""distributions"":[88742.635,7.935114501508849E9]},""categoricalSplit"":null,""continuousSplit"":0.0},""id"":16,""nextIds"":null}^"
0,"219152384^{""node"":{""featureIndex"":1,""gain"":2.0291366007315135E8,""counter"":{""weightSum"":8.0,""numInst"":8,""distributions"":[926403.9,1.1273288023906741E11]},""categoricalSplit"":null,""continuousSplit"":118706.88},""id"":22,""nextIds"":[25,26]}^"
0,"225443840^{""node"":{""featureIndex"":-1,""gain"":0.0,""counter"":{""weightSum"":3.0,""numInst"":3,""distributions"":[88791.98,7.947214418983266E9]},""categoricalSplit"":null,""continuousSplit"":0.0},""id"":28,""nextIds"":null}^"
0,"231735296^{""node"":{""featureIndex"":0,""gain"":7.546158254404693E8,""counter"":{""weightSum"":6.0,""numInst"":6,""distributions"":[350650.71,2.74910219788699E10]},""categoricalSplit"":null,""continuousSplit"":8023.889999999999},""id"":3,""nextIds"":[7,8]}^"
0,"238026752^{""node"":{""featureIndex"":0,""gain"":2.1292179779025078E7,""counter"":{""weightSum"":4.0,""numInst"":4,""distributions"":[336513.16000000003,2.8521047140870197E10]},""categoricalSplit"":null,""continuousSplit"":33225.715},""id"":9,""nextIds"":[15,16]}^"
0,"244318208^{""node"":{""featureIndex"":-1,""gain"":0.0,""counter"":{""weightSum"":2.0,""numInst"":2,""distributions"":[79513.945,6.32540906892625E9]},""categoricalSplit"":null,""continuousSplit"":0.0},""id"":15,""nextIds"":null}^"
0,"250609664^{""node"":{""featureIndex"":-1,""gain"":0.0,""counter"":{""weightSum"":3.0,""numInst"":3,""distributions"":[133038.44666666668,1.79951597804942E10]},""categoricalSplit"":null,""continuousSplit"":0.0},""id"":21,""nextIds"":null}^"
0,"256901120^{""node"":{""featureIndex"":-1,""gain"":0.0,""counter"":{""weightSum"":3.0,""numInst"":3,""distributions"":[93329.37333333334,8.961033785149933E9]},""categoricalSplit"":null,""continuousSplit"":0.0},""id"":27,""nextIds"":null}^"
0,"263192576^{""node"":{""featureIndex"":1,""gain"":6.212586118728849E7,""counter"":{""weightSum"":9.0,""numInst"":9,""distributions"":[1477730.03,2.492304928995097E11]},""categoricalSplit"":null,""continuousSplit"":132381.175},""id"":2,""nextIds"":[5,6]}^"
0,"269484032^{""node"":{""featureIndex"":-1,""gain"":0.0,""counter"":{""weightSum"":3.0,""numInst"":3,""distributions"":[85912.05666666666,8.0638518914029665E9]},""categoricalSplit"":null,""continuousSplit"":0.0},""id"":8,""nextIds"":null}^"
0,"275775488^{""node"":{""featureIndex"":-1,""gain"":0.0,""counter"":{""weightSum"":2.0,""numInst"":2,""distributions"":[172001.91499999998,2.997630860278825E10]},""categoricalSplit"":null,""continuousSplit"":0.0},""id"":14,""nextIds"":null}^"
0,"282066944^{""node"":{""featureIndex"":-1,""gain"":0.0,""counter"":{""weightSum"":2.0,""numInst"":2,""distributions"":[129702.445,1.7520744073582253E10]},""categoricalSplit"":null,""continuousSplit"":0.0},""id"":20,""nextIds"":null}^"
0,"288358400^{""node"":{""featureIndex"":1,""gain"":2.922117449942551E7,""counter"":{""weightSum"":5.0,""numInst"":5,""distributions"":[634172.22,8.080518768345401E10]},""categoricalSplit"":null,""continuousSplit"":129138.91},""id"":26,""nextIds"":[29,30]}^"
0,"294649856^{""node"":{""featureIndex"":2,""gain"":3.716485778917229E8,""counter"":{""weightSum"":31.0,""numInst"":31,""distributions"":[3031589.94,3.312119351916214E11]},""categoricalSplit"":null,""continuousSplit"":45629.155},""id"":1,""nextIds"":[3,4]}^"
0,"300941312^{""node"":{""featureIndex"":-1,""gain"":0.0,""counter"":{""weightSum"":3.0,""numInst"":3,""distributions"":[30971.513333333336,1.0998221015536668E9]},""categoricalSplit"":null,""continuousSplit"":0.0},""id"":7,""nextIds"":null}^"
0,"307232768^{""node"":{""featureIndex"":-1,""gain"":0.0,""counter"":{""weightSum"":2.0,""numInst"":2,""distributions"":[174007.215,3.061174184085445E10]},""categoricalSplit"":null,""continuousSplit"":0.0},""id"":13,""nextIds"":null}^"
0,"313524224^{""node"":{""featureIndex"":1,""gain"":4.509491842800379E7,""counter"":{""weightSum"":8.0,""numInst"":8,""distributions"":[759501.9400000001,7.34400183441668E10]},""categoricalSplit"":null,""continuousSplit"":134386.385},""id"":19,""nextIds"":[23,24]}^"
0,"319815680^{""node"":{""featureIndex"":-1,""gain"":0.0,""counter"":{""weightSum"":3.0,""numInst"":3,""distributions"":[97410.56,1.0642564185204466E10]},""categoricalSplit"":null,""continuousSplit"":0.0},""id"":25,""nextIds"":null}^"
0,"4194304^{""node"":{""featureIndex"":0,""gain"":7.546158254404693E8,""counter"":{""weightSum"":6.0,""numInst"":6,""distributions"":[350650.71,2.74910219788699E10]},""categoricalSplit"":null,""continuousSplit"":8023.889999999999},""id"":3,""nextIds"":[7,8]}^"
0,"10485760^{""node"":{""featureIndex"":0,""gain"":2.1292179779025078E7,""counter"":{""weightSum"":4.0,""numInst"":4,""distributions"":[336513.16000000003,2.8521047140870197E10]},""categoricalSplit"":null,""continuousSplit"":33225.715},""id"":9,""nextIds"":[15,16]}^"
0,"16777216^{""node"":{""featureIndex"":-1,""gain"":0.0,""counter"":{""weightSum"":2.0,""numInst"":2,""distributions"":[79513.945,6.32540906892625E9]},""categoricalSplit"":null,""continuousSplit"":0.0},""id"":15,""nextIds"":null}^"
0,"23068672^{""node"":{""featureIndex"":-1,""gain"":0.0,""counter"":{""weightSum"":3.0,""numInst"":3,""distributions"":[133038.44666666668,1.79951597804942E10]},""categoricalSplit"":null,""continuousSplit"":0.0},""id"":21,""nextIds"":null}^"
0,"29360128^{""node"":{""featureIndex"":-1,""gain"":0.0,""counter"":{""weightSum"":3.0,""numInst"":3,""distributions"":[93329.37333333334,8.961033785149933E9]},""categoricalSplit"":null,""continuousSplit"":0.0},""id"":27,""nextIds"":null}^"
0,"35651584^{""node"":{""featureIndex"":1,""gain"":6.212586118728849E7,""counter"":{""weightSum"":9.0,""numInst"":9,""distributions"":[1477730.03,2.492304928995097E11]},""categoricalSplit"":null,""continuousSplit"":132381.175},""id"":2,""nextIds"":[5,6]}^"
0,"41943040^{""node"":{""featureIndex"":-1,""gain"":0.0,""counter"":{""weightSum"":3.0,""numInst"":3,""distributions"":[85912.05666666666,8.0638518914029665E9]},""categoricalSplit"":null,""continuousSplit"":0.0},""id"":8,""nextIds"":null}^"
0,"48234496^{""node"":{""featureIndex"":-1,""gain"":0.0,""counter"":{""weightSum"":2.0,""numInst"":2,""distributions"":[172001.91499999998,2.997630860278825E10]},""categoricalSplit"":null,""continuousSplit"":0.0},""id"":14,""nextIds"":null}^"
0,"54525952^{""node"":{""featureIndex"":-1,""gain"":0.0,""counter"":{""weightSum"":2.0,""numInst"":2,""distributions"":[129702.445,1.7520744073582253E10]},""categoricalSplit"":null,""continuousSplit"":0.0},""id"":20,""nextIds"":null}^"
0,"60817408^{""node"":{""featureIndex"":1,""gain"":2.922117449942551E7,""counter"":{""weightSum"":5.0,""numInst"":5,""distributions"":[634172.22,8.080518768345401E10]},""categoricalSplit"":null,""continuousSplit"":129138.91},""id"":26,""nextIds"":[29,30]}^"
0,"67108864^{""node"":{""featureIndex"":2,""gain"":3.716485778917229E8,""counter"":{""weightSum"":31.0,""numInst"":31,""distributions"":[3031589.94,3.312119351916214E11]},""categoricalSplit"":null,""continuousSplit"":45629.155},""id"":1,""nextIds"":[3,4]}^"
0,"73400320^{""node"":{""featureIndex"":-1,""gain"":0.0,""counter"":{""weightSum"":3.0,""numInst"":3,""distributions"":[30971.513333333336,1.0998221015536668E9]},""categoricalSplit"":null,""continuousSplit"":0.0},""id"":7,""nextIds"":null}^"
0,"79691776^{""node"":{""featureIndex"":-1,""gain"":0.0,""counter"":{""weightSum"":2.0,""numInst"":2,""distributions"":[174007.215,3.061174184085445E10]},""categoricalSplit"":null,""continuousSplit"":0.0},""id"":13,""nextIds"":null}^"
0,"85983232^{""node"":{""featureIndex"":1,""gain"":4.509491842800379E7,""counter"":{""weightSum"":8.0,""numInst"":8,""distributions"":[759501.9400000001,7.34400183441668E10]},""categoricalSplit"":null,""continuousSplit"":134386.385},""id"":19,""nextIds"":[23,24]}^"
0,"92274688^{""node"":{""featureIndex"":-1,""gain"":0.0,""counter"":{""weightSum"":3.0,""numInst"":3,""distributions"":[97410.56,1.0642564185204466E10]},""categoricalSplit"":null,""continuousSplit"":0.0},""id"":25,""nextIds"":null}^"
0,"98566144^{""node"":{""featureIndex"":2,""gain"":7.687892821837807E8,""counter"":{""weightSum"":40.0,""numInst"":40,""distributions"":[4509319.969999999,5.80442428091131E11]},""categoricalSplit"":null,""continuousSplit"":304875.175},""id"":0,""nextIds"":[1,2]}^"
0,"104857600^{""node"":{""featureIndex"":1,""gain"":1005307.0225048065,""counter"":{""weightSum"":4.0,""numInst"":4,""distributions"":[692018.26,1.211761008872854E11]},""categoricalSplit"":null,""continuousSplit"":147124.505},""id"":6,""nextIds"":[13,14]}^"
0,"111149056^{""node"":{""featureIndex"":-1,""gain"":0.0,""counter"":{""weightSum"":2.0,""numInst"":2,""distributions"":[186976.19,3.497669473255611E10]},""categoricalSplit"":null,""continuousSplit"":0.0},""id"":12,""nextIds"":null}^"
0,"117440512^{""node"":{""featureIndex"":1,""gain"":5.893829478975469E7,""counter"":{""weightSum"":11.0,""numInst"":11,""distributions"":[1325519.24,1.6671835958055E11]},""categoricalSplit"":null,""continuousSplit"":112230.705},""id"":18,""nextIds"":[21,22]}^"
0,"123731968^{""node"":{""featureIndex"":-1,""gain"":0.0,""counter"":{""weightSum"":2.0,""numInst"":2,""distributions"":[106568.94,1.1357636865883598E10]},""categoricalSplit"":null,""continuousSplit"":0.0},""id"":24,""nextIds"":null}^"
0,"130023424^{""node"":{""featureIndex"":-1,""gain"":0.0,""counter"":{""weightSum"":2.0,""numInst"":2,""distributions"":[133455.0,1.78109635255225E10]},""categoricalSplit"":null,""continuousSplit"":0.0},""id"":30,""nextIds"":null}^"
0,"136314880^{""node"":{""featureIndex"":2,""gain"":5.933718469832696E8,""counter"":{""weightSum"":5.0,""numInst"":5,""distributions"":[785711.77,1.280543920122243E11]},""categoricalSplit"":null,""continuousSplit"":373030.49},""id"":5,""nextIds"":[11,12]}^"
0,"142606336^{""node"":{""featureIndex"":-1,""gain"":0.0,""counter"":{""weightSum"":3.0,""numInst"":3,""distributions"":[137253.13,1.9367000849037365E10]},""categoricalSplit"":null,""continuousSplit"":0.0},""id"":11,""nextIds"":null}^"
0,"148897792^{""node"":{""featureIndex"":1,""gain"":1.9337352638616866E8,""counter"":{""weightSum"":10.0,""numInst"":10,""distributions"":[1018906.8300000001,1.084815064913313E11]},""categoricalSplit"":null,""continuousSplit"":145667.425},""id"":17,""nextIds"":[19,20]}^"
0,"155189248^{""node"":{""featureIndex"":1,""gain"":5146984.56534338,""counter"":{""weightSum"":6.0,""numInst"":6,""distributions"":[546364.06,5.07247446123996E10]},""categoricalSplit"":null,""continuousSplit"":117093.66500000001},""id"":23,""nextIds"":[27,28]}^"
0,"161480704^{""node"":{""featureIndex"":-1,""gain"":0.0,""counter"":{""weightSum"":3.0,""numInst"":3,""distributions"":[122420.73999999999,1.5061086877469666E10]},""categoricalSplit"":null,""continuousSplit"":0.0},""id"":29,""nextIds"":null}^"
0,"167772160^{""node"":{""featureIndex"":1,""gain"":1.017216733606807E8,""counter"":{""weightSum"":25.0,""numInst"":25,""distributions"":[2680939.23,3.0372091321275146E11]},""categoricalSplit"":null,""continuousSplit"":88419.025},""id"":4,""nextIds"":[9,10]}^"
0,"174063616^{""node"":{""featureIndex"":2,""gain"":8.639658937510902E7,""counter"":{""weightSum"":21.0,""numInst"":21,""distributions"":[2344426.07,2.7519986607188135E11]},""categoricalSplit"":null,""continuousSplit"":215143.885},""id"":10,""nextIds"":[17,18]}^"
0,"180355072^{""node"":{""featureIndex"":-1,""gain"":0.0,""counter"":{""weightSum"":2.0,""numInst"":2,""distributions"":[88742.635,7.935114501508849E9]},""categoricalSplit"":null,""continuousSplit"":0.0},""id"":16,""nextIds"":null}^"
0,"186646528^{""node"":{""featureIndex"":1,""gain"":2.0291366007315135E8,""counter"":{""weightSum"":8.0,""numInst"":8,""distributions"":[926403.9,1.1273288023906741E11]},""categoricalSplit"":null,""continuousSplit"":118706.88},""id"":22,""nextIds"":[25,26]}^"
0,"192937984^{""node"":{""featureIndex"":-1,""gain"":0.0,""counter"":{""weightSum"":3.0,""numInst"":3,""distributions"":[88791.98,7.947214418983266E9]},""categoricalSplit"":null,""continuousSplit"":0.0},""id"":28,""nextIds"":null}^"
0,"199229440^{""node"":{""featureIndex"":0,""gain"":7.546158254404693E8,""counter"":{""weightSum"":6.0,""numInst"":6,""distributions"":[350650.71,2.74910219788699E10]},""categoricalSplit"":null,""continuousSplit"":8023.889999999999},""id"":3,""nextIds"":[7,8]}^"
0,"205520896^{""node"":{""featureIndex"":0,""gain"":2.1292179779025078E7,""counter"":{""weightSum"":4.0,""numInst"":4,""distributions"":[336513.16000000003,2.8521047140870197E10]},""categoricalSplit"":null,""continuousSplit"":33225.715},""id"":9,""nextIds"":[15,16]}^"
0,"211812352^{""node"":{""featureIndex"":-1,""gain"":0.0,""counter"":{""weightSum"":2.0,""numInst"":2,""distributions"":[79513.945,6.32540906892625E9]},""categoricalSplit"":null,""continuousSplit"":0.0},""id"":15,""nextIds"":null}^"
0,"218103808^{""node"":{""featureIndex"":-1,""gain"":0.0,""counter"":{""weightSum"":3.0,""numInst"":3,""distributions"":[133038.44666666668,1.79951597804942E10]},""categoricalSplit"":null,""continuousSplit"":0.0},""id"":21,""nextIds"":null}^"
0,"224395264^{""node"":{""featureIndex"":-1,""gain"":0.0,""counter"":{""weightSum"":3.0,""numInst"":3,""distributions"":[93329.37333333334,8.961033785149933E9]},""categoricalSplit"":null,""continuousSplit"":0.0},""id"":27,""nextIds"":null}^"
0,"230686720^{""node"":{""featureIndex"":1,""gain"":6.212586118728849E7,""counter"":{""weightSum"":9.0,""numInst"":9,""distributions"":[1477730.03,2.492304928995097E11]},""categoricalSplit"":null,""continuousSplit"":132381.175},""id"":2,""nextIds"":[5,6]}^"
0,"236978176^{""node"":{""featureIndex"":-1,""gain"":0.0,""counter"":{""weightSum"":3.0,""numInst"":3,""distributions"":[85912.05666666666,8.0638518914029665E9]},""categoricalSplit"":null,""continuousSplit"":0.0},""id"":8,""nextIds"":null}^"
0,"243269632^{""node"":{""featureIndex"":-1,""gain"":0.0,""counter"":{""weightSum"":2.0,""numInst"":2,""distributions"":[172001.91499999998,2.997630860278825E10]},""categoricalSplit"":null,""continuousSplit"":0.0},""id"":14,""nextIds"":null}^"
0,"249561088^{""node"":{""featureIndex"":-1,""gain"":0.0,""counter"":{""weightSum"":2.0,""numInst"":2,""distributions"":[129702.445,1.7520744073582253E10]},""categoricalSplit"":null,""continuousSplit"":0.0},""id"":20,""nextIds"":null}^"
0,"255852544^{""node"":{""featureIndex"":1,""gain"":2.922117449942551E7,""counter"":{""weightSum"":5.0,""numInst"":5,""distributions"":[634172.22,8.080518768345401E10]},""categoricalSplit"":null,""continuousSplit"":129138.91},""id"":26,""nextIds"":[29,30]}^"
0,"262144000^{""node"":{""featureIndex"":2,""gain"":3.716485778917229E8,""counter"":{""weightSum"":31.0,""numInst"":31,""distributions"":[3031589.94,3.312119351916214E11]},""categoricalSplit"":null,""continuousSplit"":45629.155},""id"":1,""nextIds"":[3,4]}^"
0,"268435456^{""node"":{""featureIndex"":-1,""gain"":0.0,""counter"":{""weightSum"":3.0,""numInst"":3,""distributions"":[30971.513333333336,1.0998221015536668E9]},""categoricalSplit"":null,""continuousSplit"":0.0},""id"":7,""nextIds"":null}^"
0,"274726912^{""node"":{""featureIndex"":-1,""gain"":0.0,""counter"":{""weightSum"":2.0,""numInst"":2,""distributions"":[174007.215,3.061174184085445E10]},""categoricalSplit"":null,""continuousSplit"":0.0},""id"":13,""nextIds"":null}^"
0,"281018368^{""node"":{""featureIndex"":1,""gain"":4.509491842800379E7,""counter"":{""weightSum"":8.0,""numInst"":8,""distributions"":[759501.9400000001,7.34400183441668E10]},""categoricalSplit"":null,""continuousSplit"":134386.385},""id"":19,""nextIds"":[23,24]}^"
0,"287309824^{""node"":{""featureIndex"":-1,""gain"":0.0,""counter"":{""weightSum"":3.0,""numInst"":3,""distributions"":[97410.56,1.0642564185204466E10]},""categoricalSplit"":null,""continuousSplit"":0.0},""id"":25,""nextIds"":null}^"
0,"293601280^{""node"":{""featureIndex"":2,""gain"":7.687892821837875E8,""counter"":{""weightSum"":40.0,""numInst"":40,""distributions"":[4509319.970000002,5.80442428091131E11]},""categoricalSplit"":null,""continuousSplit"":304875.175},""id"":0,""nextIds"":[1,2]}^"
0,"299892736^{""node"":{""featureIndex"":1,""gain"":1005307.0225048065,""counter"":{""weightSum"":4.0,""numInst"":4,""distributions"":[692018.26,1.211761008872854E11]},""categoricalSplit"":null,""continuousSplit"":147124.505},""id"":6,""nextIds"":[13,14]}^"
0,"306184192^{""node"":{""featureIndex"":-1,""gain"":0.0,""counter"":{""weightSum"":2.0,""numInst"":2,""distributions"":[186976.19,3.497669473255611E10]},""categoricalSplit"":null,""continuousSplit"":0.0},""id"":12,""nextIds"":null}^"
0,"312475648^{""node"":{""featureIndex"":1,""gain"":5.893829478975469E7,""counter"":{""weightSum"":11.0,""numInst"":11,""distributions"":[1325519.24,1.6671835958055E11]},""categoricalSplit"":null,""continuousSplit"":112230.705},""id"":18,""nextIds"":[21,22]}^"
0,"318767104^{""node"":{""featureIndex"":-1,""gain"":0.0,""counter"":{""weightSum"":2.0,""numInst"":2,""distributions"":[106568.94,1.1357636865883598E10]},""categoricalSplit"":null,""continuousSplit"":0.0},""id"":24,""nextIds"":null}^"
0,"325058560^{""node"":{""featureIndex"":-1,""gain"":0.0,""counter"":{""weightSum"":2.0,""numInst"":2,""distributions"":[133455.0,1.78109635255225E10]},""categoricalSplit"":null,""continuousSplit"":0.0},""id"":30,""nextIds"":null}^"
0,"0^{""treePartition"":""{\""partitions\"":[{\""f0\"":0,\""f1\"":31},{\""f0\"":31,\""f1\"":62},{\""f0\"":62,\""f1\"":93},{\""f0\"":93,\""f1\"":124},{\""f0\"":124,\""f1\"":155},{\""f0\"":155,\""f1\"":186},{\""f0\"":186,\""f1\"":217},{\""f0\"":217,\""f1\"":248},{\""f0\"":248,\""f1\"":279},{\""f0\"":279,\""f1\"":310}]}"",""stringIndexerModelPartition"":""{\""f0\"":0,\""f1\"":0}"",""treeType"":""\""mse\"""",""labelType"":""\""DOUBLE\"""",""featureCols"":""[\""R_D_Spend\"",\""Administration\"",\""Marketing_Spend\""]"",""featureTypes"":""[\""DOUBLE\"",\""DOUBLE\"",\""DOUBLE\""]"",""categoricalCols"":""[]"",""labelCol"":""\""Profit\"""",""predictionCol"":""\""pred\""""}^"
0,"6291456^{""node"":{""featureIndex"":2,""gain"":5.933718469832696E8,""counter"":{""weightSum"":5.0,""numInst"":5,""distributions"":[785711.77,1.280543920122243E11]},""categoricalSplit"":null,""continuousSplit"":373030.49},""id"":5,""nextIds"":[11,12]}^"
0,"12582912^{""node"":{""featureIndex"":-1,""gain"":0.0,""counter"":{""weightSum"":3.0,""numInst"":3,""distributions"":[137253.13,1.9367000849037365E10]},""categoricalSplit"":null,""continuousSplit"":0.0},""id"":11,""nextIds"":null}^"
0,"18874368^{""node"":{""featureIndex"":1,""gain"":1.9337352638616866E8,""counter"":{""weightSum"":10.0,""numInst"":10,""distributions"":[1018906.8300000001,1.084815064913313E11]},""categoricalSplit"":null,""continuousSplit"":145667.425},""id"":17,""nextIds"":[19,20]}^"
0,"25165824^{""node"":{""featureIndex"":1,""gain"":5146984.56534338,""counter"":{""weightSum"":6.0,""numInst"":6,""distributions"":[546364.06,5.07247446123996E10]},""categoricalSplit"":null,""continuousSplit"":117093.66500000001},""id"":23,""nextIds"":[27,28]}^"
0,"31457280^{""node"":{""featureIndex"":-1,""gain"":0.0,""counter"":{""weightSum"":3.0,""numInst"":3,""distributions"":[122420.73999999999,1.5061086877469666E10]},""categoricalSplit"":null,""continuousSplit"":0.0},""id"":29,""nextIds"":null}^"
0,"37748736^{""node"":{""featureIndex"":1,""gain"":1.017216733606807E8,""counter"":{""weightSum"":25.0,""numInst"":25,""distributions"":[2680939.23,3.0372091321275146E11]},""categoricalSplit"":null,""continuousSplit"":88419.025},""id"":4,""nextIds"":[9,10]}^"
0,"44040192^{""node"":{""featureIndex"":2,""gain"":8.639658937510902E7,""counter"":{""weightSum"":21.0,""numInst"":21,""distributions"":[2344426.07,2.7519986607188135E11]},""categoricalSplit"":null,""continuousSplit"":215143.885},""id"":10,""nextIds"":[17,18]}^"
0,"50331648^{""node"":{""featureIndex"":-1,""gain"":0.0,""counter"":{""weightSum"":2.0,""numInst"":2,""distributions"":[88742.635,7.935114501508849E9]},""categoricalSplit"":null,""continuousSplit"":0.0},""id"":16,""nextIds"":null}^"
0,"56623104^{""node"":{""featureIndex"":1,""gain"":2.0291366007315135E8,""counter"":{""weightSum"":8.0,""numInst"":8,""distributions"":[926403.9,1.1273288023906741E11]},""categoricalSplit"":null,""continuousSplit"":118706.88},""id"":22,""nextIds"":[25,26]}^"
0,"62914560^{""node"":{""featureIndex"":-1,""gain"":0.0,""counter"":{""weightSum"":3.0,""numInst"":3,""distributions"":[88791.98,7.947214418983266E9]},""categoricalSplit"":null,""continuousSplit"":0.0},""id"":28,""nextIds"":null}^"
0,"69206016^{""node"":{""featureIndex"":0,""gain"":7.546158254404693E8,""counter"":{""weightSum"":6.0,""numInst"":6,""distributions"":[350650.71,2.74910219788699E10]},""categoricalSplit"":null,""continuousSplit"":8023.889999999999},""id"":3,""nextIds"":[7,8]}^"
0,"75497472^{""node"":{""featureIndex"":0,""gain"":2.1292179779025078E7,""counter"":{""weightSum"":4.0,""numInst"":4,""distributions"":[336513.16000000003,2.8521047140870197E10]},""categoricalSplit"":null,""continuousSplit"":33225.715},""id"":9,""nextIds"":[15,16]}^"
0,"81788928^{""node"":{""featureIndex"":-1,""gain"":0.0,""counter"":{""weightSum"":2.0,""numInst"":2,""distributions"":[79513.945,6.32540906892625E9]},""categoricalSplit"":null,""continuousSplit"":0.0},""id"":15,""nextIds"":null}^"
0,"88080384^{""node"":{""featureIndex"":-1,""gain"":0.0,""counter"":{""weightSum"":3.0,""numInst"":3,""distributions"":[133038.44666666668,1.79951597804942E10]},""categoricalSplit"":null,""continuousSplit"":0.0},""id"":21,""nextIds"":null}^"
0,"94371840^{""node"":{""featureIndex"":-1,""gain"":0.0,""counter"":{""weightSum"":3.0,""numInst"":3,""distributions"":[93329.37333333334,8.961033785149933E9]},""categoricalSplit"":null,""continuousSplit"":0.0},""id"":27,""nextIds"":null}^"
0,"100663296^{""node"":{""featureIndex"":1,""gain"":6.212586118728849E7,""counter"":{""weightSum"":9.0,""numInst"":9,""distributions"":[1477730.03,2.492304928995097E11]},""categoricalSplit"":null,""continuousSplit"":132381.175},""id"":2,""nextIds"":[5,6]}^"
0,"106954752^{""node"":{""featureIndex"":-1,""gain"":0.0,""counter"":{""weightSum"":3.0,""numInst"":3,""distributions"":[85912.05666666666,8.0638518914029665E9]},""categoricalSplit"":null,""continuousSplit"":0.0},""id"":8,""nextIds"":null}^"
0,"113246208^{""node"":{""featureIndex"":-1,""gain"":0.0,""counter"":{""weightSum"":2.0,""numInst"":2,""distributions"":[172001.91499999998,2.997630860278825E10]},""categoricalSplit"":null,""continuousSplit"":0.0},""id"":14,""nextIds"":null}^"
0,"119537664^{""node"":{""featureIndex"":-1,""gain"":0.0,""counter"":{""weightSum"":2.0,""numInst"":2,""distributions"":[129702.445,1.7520744073582253E10]},""categoricalSplit"":null,""continuousSplit"":0.0},""id"":20,""nextIds"":null}^"
0,"125829120^{""node"":{""featureIndex"":1,""gain"":2.922117449942551E7,""counter"":{""weightSum"":5.0,""numInst"":5,""distributions"":[634172.22,8.080518768345401E10]},""categoricalSplit"":null,""continuousSplit"":129138.91},""id"":26,""nextIds"":[29,30]}^"
0,"132120576^{""node"":{""featureIndex"":2,""gain"":3.716485778917229E8,""counter"":{""weightSum"":31.0,""numInst"":31,""distributions"":[3031589.94,3.312119351916214E11]},""categoricalSplit"":null,""continuousSplit"":45629.155},""id"":1,""nextIds"":[3,4]}^"
0,"138412032^{""node"":{""featureIndex"":-1,""gain"":0.0,""counter"":{""weightSum"":3.0,""numInst"":3,""distributions"":[30971.513333333336,1.0998221015536668E9]},""categoricalSplit"":null,""continuousSplit"":0.0},""id"":7,""nextIds"":null}^"
0,"144703488^{""node"":{""featureIndex"":-1,""gain"":0.0,""counter"":{""weightSum"":2.0,""numInst"":2,""distributions"":[174007.215,3.061174184085445E10]},""categoricalSplit"":null,""continuousSplit"":0.0},""id"":13,""nextIds"":null}^"
0,"150994944^{""node"":{""featureIndex"":1,""gain"":4.509491842800379E7,""counter"":{""weightSum"":8.0,""numInst"":8,""distributions"":[759501.9400000001,7.34400183441668E10]},""categoricalSplit"":null,""continuousSplit"":134386.385},""id"":19,""nextIds"":[23,24]}^"
0,"157286400^{""node"":{""featureIndex"":-1,""gain"":0.0,""counter"":{""weightSum"":3.0,""numInst"":3,""distributions"":[97410.56,1.0642564185204466E10]},""categoricalSplit"":null,""continuousSplit"":0.0},""id"":25,""nextIds"":null}^"
0,"163577856^{""node"":{""featureIndex"":2,""gain"":7.687892821837807E8,""counter"":{""weightSum"":40.0,""numInst"":40,""distributions"":[4509319.969999999,5.80442428091131E11]},""categoricalSplit"":null,""continuousSplit"":304875.175},""id"":0,""nextIds"":[1,2]}^"
0,"169869312^{""node"":{""featureIndex"":1,""gain"":1005307.0225048065,""counter"":{""weightSum"":4.0,""numInst"":4,""distributions"":[692018.26,1.211761008872854E11]},""categoricalSplit"":null,""continuousSplit"":147124.505},""id"":6,""nextIds"":[13,14]}^"
0,"176160768^{""node"":{""featureIndex"":-1,""gain"":0.0,""counter"":{""weightSum"":2.0,""numInst"":2,""distributions"":[186976.19,3.497669473255611E10]},""categoricalSplit"":null,""continuousSplit"":0.0},""id"":12,""nextIds"":null}^"
0,"182452224^{""node"":{""featureIndex"":1,""gain"":5.893829478975469E7,""counter"":{""weightSum"":11.0,""numInst"":11,""distributions"":[1325519.24,1.6671835958055E11]},""categoricalSplit"":null,""continuousSplit"":112230.705},""id"":18,""nextIds"":[21,22]}^"
0,"188743680^{""node"":{""featureIndex"":-1,""gain"":0.0,""counter"":{""weightSum"":2.0,""numInst"":2,""distributions"":[106568.94,1.1357636865883598E10]},""categoricalSplit"":null,""continuousSplit"":0.0},""id"":24,""nextIds"":null}^"
0,"195035136^{""node"":{""featureIndex"":-1,""gain"":0.0,""counter"":{""weightSum"":2.0,""numInst"":2,""distributions"":[133455.0,1.78109635255225E10]},""categoricalSplit"":null,""continuousSplit"":0.0},""id"":30,""nextIds"":null}^"
0,"201326592^{""node"":{""featureIndex"":2,""gain"":5.933718469832696E8,""counter"":{""weightSum"":5.0,""numInst"":5,""distributions"":[785711.77,1.280543920122243E11]},""categoricalSplit"":null,""continuousSplit"":373030.49},""id"":5,""nextIds"":[11,12]}^"
0,"207618048^{""node"":{""featureIndex"":-1,""gain"":0.0,""counter"":{""weightSum"":3.0,""numInst"":3,""distributions"":[137253.13,1.9367000849037365E10]},""categoricalSplit"":null,""continuousSplit"":0.0},""id"":11,""nextIds"":null}^"
0,"213909504^{""node"":{""featureIndex"":1,""gain"":1.9337352638616866E8,""counter"":{""weightSum"":10.0,""numInst"":10,""distributions"":[1018906.8300000001,1.084815064913313E11]},""categoricalSplit"":null,""continuousSplit"":145667.425},""id"":17,""nextIds"":[19,20]}^"
0,"220200960^{""node"":{""featureIndex"":1,""gain"":5146984.56534338,""counter"":{""weightSum"":6.0,""numInst"":6,""distributions"":[546364.06,5.07247446123996E10]},""categoricalSplit"":null,""continuousSplit"":117093.66500000001},""id"":23,""nextIds"":[27,28]}^"
0,"226492416^{""node"":{""featureIndex"":-1,""gain"":0.0,""counter"":{""weightSum"":3.0,""numInst"":3,""distributions"":[122420.73999999999,1.5061086877469666E10]},""categoricalSplit"":null,""continuousSplit"":0.0},""id"":29,""nextIds"":null}^"
0,"232783872^{""node"":{""featureIndex"":1,""gain"":1.017216733606807E8,""counter"":{""weightSum"":25.0,""numInst"":25,""distributions"":[2680939.23,3.0372091321275146E11]},""categoricalSplit"":null,""continuousSplit"":88419.025},""id"":4,""nextIds"":[9,10]}^"
0,"239075328^{""node"":{""featureIndex"":2,""gain"":8.639658937510902E7,""counter"":{""weightSum"":21.0,""numInst"":21,""distributions"":[2344426.07,2.7519986607188135E11]},""categoricalSplit"":null,""continuousSplit"":215143.885},""id"":10,""nextIds"":[17,18]}^"
0,"245366784^{""node"":{""featureIndex"":-1,""gain"":0.0,""counter"":{""weightSum"":2.0,""numInst"":2,""distributions"":[88742.635,7.935114501508849E9]},""categoricalSplit"":null,""continuousSplit"":0.0},""id"":16,""nextIds"":null}^"
0,"251658240^{""node"":{""featureIndex"":1,""gain"":2.0291366007315135E8,""counter"":{""weightSum"":8.0,""numInst"":8,""distributions"":[926403.9,1.1273288023906741E11]},""categoricalSplit"":null,""continuousSplit"":118706.88},""id"":22,""nextIds"":[25,26]}^"
0,"257949696^{""node"":{""featureIndex"":-1,""gain"":0.0,""counter"":{""weightSum"":3.0,""numInst"":3,""distributions"":[88791.98,7.947214418983266E9]},""categoricalSplit"":null,""continuousSplit"":0.0},""id"":28,""nextIds"":null}^"
0,"264241152^{""node"":{""featureIndex"":0,""gain"":7.546158254404693E8,""counter"":{""weightSum"":6.0,""numInst"":6,""distributions"":[350650.71,2.74910219788699E10]},""categoricalSplit"":null,""continuousSplit"":8023.889999999999},""id"":3,""nextIds"":[7,8]}^"
0,"270532608^{""node"":{""featureIndex"":0,""gain"":2.1292179779025078E7,""counter"":{""weightSum"":4.0,""numInst"":4,""distributions"":[336513.16000000003,2.8521047140870197E10]},""categoricalSplit"":null,""continuousSplit"":33225.715},""id"":9,""nextIds"":[15,16]}^"
0,"276824064^{""node"":{""featureIndex"":-1,""gain"":0.0,""counter"":{""weightSum"":2.0,""numInst"":2,""distributions"":[79513.945,6.32540906892625E9]},""categoricalSplit"":null,""continuousSplit"":0.0},""id"":15,""nextIds"":null}^"
0,"283115520^{""node"":{""featureIndex"":-1,""gain"":0.0,""counter"":{""weightSum"":3.0,""numInst"":3,""distributions"":[133038.44666666668,1.79951597804942E10]},""categoricalSplit"":null,""continuousSplit"":0.0},""id"":21,""nextIds"":null}^"
0,"289406976^{""node"":{""featureIndex"":-1,""gain"":0.0,""counter"":{""weightSum"":3.0,""numInst"":3,""distributions"":[93329.37333333334,8.961033785149933E9]},""categoricalSplit"":null,""continuousSplit"":0.0},""id"":27,""nextIds"":null}^"
0,"295698432^{""node"":{""featureIndex"":1,""gain"":6.212586118728849E7,""counter"":{""weightSum"":9.0,""numInst"":9,""distributions"":[1477730.03,2.492304928995097E11]},""categoricalSplit"":null,""continuousSplit"":132381.175},""id"":2,""nextIds"":[5,6]}^"
0,"301989888^{""node"":{""featureIndex"":-1,""gain"":0.0,""counter"":{""weightSum"":3.0,""numInst"":3,""distributions"":[85912.05666666666,8.0638518914029665E9]},""categoricalSplit"":null,""continuousSplit"":0.0},""id"":8,""nextIds"":null}^"
0,"308281344^{""node"":{""featureIndex"":-1,""gain"":0.0,""counter"":{""weightSum"":2.0,""numInst"":2,""distributions"":[172001.91499999998,2.997630860278825E10]},""categoricalSplit"":null,""continuousSplit"":0.0},""id"":14,""nextIds"":null}^"
0,"314572800^{""node"":{""featureIndex"":-1,""gain"":0.0,""counter"":{""weightSum"":2.0,""numInst"":2,""distributions"":[129702.445,1.7520744073582253E10]},""categoricalSplit"":null,""continuousSplit"":0.0},""id"":20,""nextIds"":null}^"
0,"320864256^{""node"":{""featureIndex"":1,""gain"":2.922117449942551E7,""counter"":{""weightSum"":5.0,""numInst"":5,""distributions"":[634172.22,8.080518768345401E10]},""categoricalSplit"":null,""continuousSplit"":129138.91},""id"":26,""nextIds"":[29,30]}^"
0,"3145728^{""node"":{""featureIndex"":1,""gain"":6.212586118728849E7,""counter"":{""weightSum"":9.0,""numInst"":9,""distributions"":[1477730.03,2.492304928995097E11]},""categoricalSplit"":null,""continuousSplit"":132381.175},""id"":2,""nextIds"":[5,6]}^"
0,"9437184^{""node"":{""featureIndex"":-1,""gain"":0.0,""counter"":{""weightSum"":3.0,""numInst"":3,""distributions"":[85912.05666666666,8.0638518914029665E9]},""categoricalSplit"":null,""continuousSplit"":0.0},""id"":8,""nextIds"":null}^"
0,"15728640^{""node"":{""featureIndex"":-1,""gain"":0.0,""counter"":{""weightSum"":2.0,""numInst"":2,""distributions"":[172001.91499999998,2.997630860278825E10]},""categoricalSplit"":null,""continuousSplit"":0.0},""id"":14,""nextIds"":null}^"
0,"22020096^{""node"":{""featureIndex"":-1,""gain"":0.0,""counter"":{""weightSum"":2.0,""numInst"":2,""distributions"":[129702.445,1.7520744073582253E10]},""categoricalSplit"":null,""continuousSplit"":0.0},""id"":20,""nextIds"":null}^"
0,"28311552^{""node"":{""featureIndex"":1,""gain"":2.922117449942551E7,""counter"":{""weightSum"":5.0,""numInst"":5,""distributions"":[634172.22,8.080518768345401E10]},""categoricalSplit"":null,""continuousSplit"":129138.91},""id"":26,""nextIds"":[29,30]}^"
0,"34603008^{""node"":{""featureIndex"":2,""gain"":3.716485778917229E8,""counter"":{""weightSum"":31.0,""numInst"":31,""distributions"":[3031589.94,3.312119351916214E11]},""categoricalSplit"":null,""continuousSplit"":45629.155},""id"":1,""nextIds"":[3,4]}^"
0,"40894464^{""node"":{""featureIndex"":-1,""gain"":0.0,""counter"":{""weightSum"":3.0,""numInst"":3,""distributions"":[30971.513333333336,1.0998221015536668E9]},""categoricalSplit"":null,""continuousSplit"":0.0},""id"":7,""nextIds"":null}^"
0,"47185920^{""node"":{""featureIndex"":-1,""gain"":0.0,""counter"":{""weightSum"":2.0,""numInst"":2,""distributions"":[174007.215,3.061174184085445E10]},""categoricalSplit"":null,""continuousSplit"":0.0},""id"":13,""nextIds"":null}^"
0,"53477376^{""node"":{""featureIndex"":1,""gain"":4.509491842800379E7,""counter"":{""weightSum"":8.0,""numInst"":8,""distributions"":[759501.9400000001,7.34400183441668E10]},""categoricalSplit"":null,""continuousSplit"":134386.385},""id"":19,""nextIds"":[23,24]}^"
0,"59768832^{""node"":{""featureIndex"":-1,""gain"":0.0,""counter"":{""weightSum"":3.0,""numInst"":3,""distributions"":[97410.56,1.0642564185204466E10]},""categoricalSplit"":null,""continuousSplit"":0.0},""id"":25,""nextIds"":null}^"
0,"66060288^{""node"":{""featureIndex"":2,""gain"":7.687892821837816E8,""counter"":{""weightSum"":40.0,""numInst"":40,""distributions"":[4509319.97,5.80442428091131E11]},""categoricalSplit"":null,""continuousSplit"":304875.175},""id"":0,""nextIds"":[1,2]}^"
0,"72351744^{""node"":{""featureIndex"":1,""gain"":1005307.0225048065,""counter"":{""weightSum"":4.0,""numInst"":4,""distributions"":[692018.26,1.211761008872854E11]},""categoricalSplit"":null,""continuousSplit"":147124.505},""id"":6,""nextIds"":[13,14]}^"
0,"78643200^{""node"":{""featureIndex"":-1,""gain"":0.0,""counter"":{""weightSum"":2.0,""numInst"":2,""distributions"":[186976.19,3.497669473255611E10]},""categoricalSplit"":null,""continuousSplit"":0.0},""id"":12,""nextIds"":null}^"
0,"84934656^{""node"":{""featureIndex"":1,""gain"":5.893829478975469E7,""counter"":{""weightSum"":11.0,""numInst"":11,""distributions"":[1325519.24,1.6671835958055E11]},""categoricalSplit"":null,""continuousSplit"":112230.705},""id"":18,""nextIds"":[21,22]}^"
0,"91226112^{""node"":{""featureIndex"":-1,""gain"":0.0,""counter"":{""weightSum"":2.0,""numInst"":2,""distributions"":[106568.94,1.1357636865883598E10]},""categoricalSplit"":null,""continuousSplit"":0.0},""id"":24,""nextIds"":null}^"
0,"97517568^{""node"":{""featureIndex"":-1,""gain"":0.0,""counter"":{""weightSum"":2.0,""numInst"":2,""distributions"":[133455.0,1.78109635255225E10]},""categoricalSplit"":null,""continuousSplit"":0.0},""id"":30,""nextIds"":null}^"
0,"103809024^{""node"":{""featureIndex"":2,""gain"":5.933718469832696E8,""counter"":{""weightSum"":5.0,""numInst"":5,""distributions"":[785711.77,1.280543920122243E11]},""categoricalSplit"":null,""continuousSplit"":373030.49},""id"":5,""nextIds"":[11,12]}^"
0,"110100480^{""node"":{""featureIndex"":-1,""gain"":0.0,""counter"":{""weightSum"":3.0,""numInst"":3,""distributions"":[137253.13,1.9367000849037365E10]},""categoricalSplit"":null,""continuousSplit"":0.0},""id"":11,""nextIds"":null}^"
0,"116391936^{""node"":{""featureIndex"":1,""gain"":1.9337352638616866E8,""counter"":{""weightSum"":10.0,""numInst"":10,""distributions"":[1018906.8300000001,1.084815064913313E11]},""categoricalSplit"":null,""continuousSplit"":145667.425},""id"":17,""nextIds"":[19,20]}^"
0,"122683392^{""node"":{""featureIndex"":1,""gain"":5146984.56534338,""counter"":{""weightSum"":6.0,""numInst"":6,""distributions"":[546364.06,5.07247446123996E10]},""categoricalSplit"":null,""continuousSplit"":117093.66500000001},""id"":23,""nextIds"":[27,28]}^"
0,"128974848^{""node"":{""featureIndex"":-1,""gain"":0.0,""counter"":{""weightSum"":3.0,""numInst"":3,""distributions"":[122420.73999999999,1.5061086877469666E10]},""categoricalSplit"":null,""continuousSplit"":0.0},""id"":29,""nextIds"":null}^"
0,"135266304^{""node"":{""featureIndex"":1,""gain"":1.017216733606807E8,""counter"":{""weightSum"":25.0,""numInst"":25,""distributions"":[2680939.23,3.0372091321275146E11]},""categoricalSplit"":null,""continuousSplit"":88419.025},""id"":4,""nextIds"":[9,10]}^"
0,"141557760^{""node"":{""featureIndex"":2,""gain"":8.639658937510902E7,""counter"":{""weightSum"":21.0,""numInst"":21,""distributions"":[2344426.07,2.7519986607188135E11]},""categoricalSplit"":null,""continuousSplit"":215143.885},""id"":10,""nextIds"":[17,18]}^"
0,"147849216^{""node"":{""featureIndex"":-1,""gain"":0.0,""counter"":{""weightSum"":2.0,""numInst"":2,""distributions"":[88742.635,7.935114501508849E9]},""categoricalSplit"":null,""continuousSplit"":0.0},""id"":16,""nextIds"":null}^"
0,"154140672^{""node"":{""featureIndex"":1,""gain"":2.0291366007315135E8,""counter"":{""weightSum"":8.0,""numInst"":8,""distributions"":[926403.9,1.1273288023906741E11]},""categoricalSplit"":null,""continuousSplit"":118706.88},""id"":22,""nextIds"":[25,26]}^"
0,"160432128^{""node"":{""featureIndex"":-1,""gain"":0.0,""counter"":{""weightSum"":3.0,""numInst"":3,""distributions"":[88791.98,7.947214418983266E9]},""categoricalSplit"":null,""continuousSplit"":0.0},""id"":28,""nextIds"":null}^"
0,"166723584^{""node"":{""featureIndex"":0,""gain"":7.546158254404693E8,""counter"":{""weightSum"":6.0,""numInst"":6,""distributions"":[350650.71,2.74910219788699E10]},""categoricalSplit"":null,""continuousSplit"":8023.889999999999},""id"":3,""nextIds"":[7,8]}^"
0,"173015040^{""node"":{""featureIndex"":0,""gain"":2.1292179779025078E7,""counter"":{""weightSum"":4.0,""numInst"":4,""distributions"":[336513.16000000003,2.8521047140870197E10]},""categoricalSplit"":null,""continuousSplit"":33225.715},""id"":9,""nextIds"":[15,16]}^"
0,"179306496^{""node"":{""featureIndex"":-1,""gain"":0.0,""counter"":{""weightSum"":2.0,""numInst"":2,""distributions"":[79513.945,6.32540906892625E9]},""categoricalSplit"":null,""continuousSplit"":0.0},""id"":15,""nextIds"":null}^"
0,"185597952^{""node"":{""featureIndex"":-1,""gain"":0.0,""counter"":{""weightSum"":3.0,""numInst"":3,""distributions"":[133038.44666666668,1.79951597804942E10]},""categoricalSplit"":null,""continuousSplit"":0.0},""id"":21,""nextIds"":null}^"
0,"191889408^{""node"":{""featureIndex"":-1,""gain"":0.0,""counter"":{""weightSum"":3.0,""numInst"":3,""distributions"":[93329.37333333334,8.961033785149933E9]},""categoricalSplit"":null,""continuousSplit"":0.0},""id"":27,""nextIds"":null}^"
0,"198180864^{""node"":{""featureIndex"":1,""gain"":6.212586118728849E7,""counter"":{""weightSum"":9.0,""numInst"":9,""distributions"":[1477730.03,2.492304928995097E11]},""categoricalSplit"":null,""continuousSplit"":132381.175},""id"":2,""nextIds"":[5,6]}^"
0,"204472320^{""node"":{""featureIndex"":-1,""gain"":0.0,""counter"":{""weightSum"":3.0,""numInst"":3,""distributions"":[85912.05666666666,8.0638518914029665E9]},""categoricalSplit"":null,""continuousSplit"":0.0},""id"":8,""nextIds"":null}^"
0,"210763776^{""node"":{""featureIndex"":-1,""gain"":0.0,""counter"":{""weightSum"":2.0,""numInst"":2,""distributions"":[172001.91499999998,2.997630860278825E10]},""categoricalSplit"":null,""continuousSplit"":0.0},""id"":14,""nextIds"":null}^"
0,"217055232^{""node"":{""featureIndex"":-1,""gain"":0.0,""counter"":{""weightSum"":2.0,""numInst"":2,""distributions"":[129702.445,1.7520744073582253E10]},""categoricalSplit"":null,""continuousSplit"":0.0},""id"":20,""nextIds"":null}^"
0,"223346688^{""node"":{""featureIndex"":1,""gain"":2.922117449942551E7,""counter"":{""weightSum"":5.0,""numInst"":5,""distributions"":[634172.22,8.080518768345401E10]},""categoricalSplit"":null,""continuousSplit"":129138.91},""id"":26,""nextIds"":[29,30]}^"
0,"229638144^{""node"":{""featureIndex"":2,""gain"":3.716485778917229E8,""counter"":{""weightSum"":31.0,""numInst"":31,""distributions"":[3031589.94,3.312119351916214E11]},""categoricalSplit"":null,""continuousSplit"":45629.155},""id"":1,""nextIds"":[3,4]}^"
0,"235929600^{""node"":{""featureIndex"":-1,""gain"":0.0,""counter"":{""weightSum"":3.0,""numInst"":3,""distributions"":[30971.513333333336,1.0998221015536668E9]},""categoricalSplit"":null,""continuousSplit"":0.0},""id"":7,""nextIds"":null}^"
0,"242221056^{""node"":{""featureIndex"":-1,""gain"":0.0,""counter"":{""weightSum"":2.0,""numInst"":2,""distributions"":[174007.215,3.061174184085445E10]},""categoricalSplit"":null,""continuousSplit"":0.0},""id"":13,""nextIds"":null}^"
0,"248512512^{""node"":{""featureIndex"":1,""gain"":4.509491842800379E7,""counter"":{""weightSum"":8.0,""numInst"":8,""distributions"":[759501.9400000001,7.34400183441668E10]},""categoricalSplit"":null,""continuousSplit"":134386.385},""id"":19,""nextIds"":[23,24]}^"
0,"254803968^{""node"":{""featureIndex"":-1,""gain"":0.0,""counter"":{""weightSum"":3.0,""numInst"":3,""distributions"":[97410.56,1.0642564185204466E10]},""categoricalSplit"":null,""continuousSplit"":0.0},""id"":25,""nextIds"":null}^"
0,"261095424^{""node"":{""featureIndex"":2,""gain"":7.68789282183782E8,""counter"":{""weightSum"":40.0,""numInst"":40,""distributions"":[4509319.97,5.804424280911311E11]},""categoricalSplit"":null,""continuousSplit"":304875.175},""id"":0,""nextIds"":[1,2]}^"
0,"267386880^{""node"":{""featureIndex"":1,""gain"":1005307.0225048065,""counter"":{""weightSum"":4.0,""numInst"":4,""distributions"":[692018.26,1.211761008872854E11]},""categoricalSplit"":null,""continuousSplit"":147124.505},""id"":6,""nextIds"":[13,14]}^"
0,"273678336^{""node"":{""featureIndex"":-1,""gain"":0.0,""counter"":{""weightSum"":2.0,""numInst"":2,""distributions"":[186976.19,3.497669473255611E10]},""categoricalSplit"":null,""continuousSplit"":0.0},""id"":12,""nextIds"":null}^"
0,"279969792^{""node"":{""featureIndex"":1,""gain"":5.893829478975469E7,""counter"":{""weightSum"":11.0,""numInst"":11,""distributions"":[1325519.24,1.6671835958055E11]},""categoricalSplit"":null,""continuousSplit"":112230.705},""id"":18,""nextIds"":[21,22]}^"
0,"286261248^{""node"":{""featureIndex"":-1,""gain"":0.0,""counter"":{""weightSum"":2.0,""numInst"":2,""distributions"":[106568.94,1.1357636865883598E10]},""categoricalSplit"":null,""continuousSplit"":0.0},""id"":24,""nextIds"":null}^"
0,"292552704^{""node"":{""featureIndex"":-1,""gain"":0.0,""counter"":{""weightSum"":2.0,""numInst"":2,""distributions"":[133455.0,1.78109635255225E10]},""categoricalSplit"":null,""continuousSplit"":0.0},""id"":30,""nextIds"":null}^"
0,"298844160^{""node"":{""featureIndex"":2,""gain"":5.933718469832696E8,""counter"":{""weightSum"":5.0,""numInst"":5,""distributions"":[785711.77,1.280543920122243E11]},""categoricalSplit"":null,""continuousSplit"":373030.49},""id"":5,""nextIds"":[11,12]}^"
0,"305135616^{""node"":{""featureIndex"":-1,""gain"":0.0,""counter"":{""weightSum"":3.0,""numInst"":3,""distributions"":[137253.13,1.9367000849037365E10]},""categoricalSplit"":null,""continuousSplit"":0.0},""id"":11,""nextIds"":null}^"
0,"311427072^{""node"":{""featureIndex"":1,""gain"":1.9337352638616866E8,""counter"":{""weightSum"":10.0,""numInst"":10,""distributions"":[1018906.8300000001,1.084815064913313E11]},""categoricalSplit"":null,""continuousSplit"":145667.425},""id"":17,""nextIds"":[19,20]}^"
0,"317718528^{""node"":{""featureIndex"":1,""gain"":5146984.56534338,""counter"":{""weightSum"":6.0,""numInst"":6,""distributions"":[546364.06,5.07247446123996E10]},""categoricalSplit"":null,""continuousSplit"":117093.66500000001},""id"":23,""nextIds"":[27,28]}^"
0,"324009984^{""node"":{""featureIndex"":-1,""gain"":0.0,""counter"":{""weightSum"":3.0,""numInst"":3,""distributions"":[122420.73999999999,1.5061086877469666E10]},""categoricalSplit"":null,""continuousSplit"":0.0},""id"":29,""nextIds"":null}^"
0,"1048576^{""node"":{""featureIndex"":2,""gain"":7.687892821837827E8,""counter"":{""weightSum"":40.0,""numInst"":40,""distributions"":[4509319.970000001,5.80442428091131E11]},""categoricalSplit"":null,""continuousSplit"":304875.175},""id"":0,""nextIds"":[1,2]}^"
0,"7340032^{""node"":{""featureIndex"":1,""gain"":1005307.0225048065,""counter"":{""weightSum"":4.0,""numInst"":4,""distributions"":[692018.26,1.211761008872854E11]},""categoricalSplit"":null,""continuousSplit"":147124.505},""id"":6,""nextIds"":[13,14]}^"
0,"13631488^{""node"":{""featureIndex"":-1,""gain"":0.0,""counter"":{""weightSum"":2.0,""numInst"":2,""distributions"":[186976.19,3.497669473255611E10]},""categoricalSplit"":null,""continuousSplit"":0.0},""id"":12,""nextIds"":null}^"
0,"19922944^{""node"":{""featureIndex"":1,""gain"":5.893829478975469E7,""counter"":{""weightSum"":11.0,""numInst"":11,""distributions"":[1325519.24,1.6671835958055E11]},""categoricalSplit"":null,""continuousSplit"":112230.705},""id"":18,""nextIds"":[21,22]}^"
0,"26214400^{""node"":{""featureIndex"":-1,""gain"":0.0,""counter"":{""weightSum"":2.0,""numInst"":2,""distributions"":[106568.94,1.1357636865883598E10]},""categoricalSplit"":null,""continuousSplit"":0.0},""id"":24,""nextIds"":null}^"
0,"32505856^{""node"":{""featureIndex"":-1,""gain"":0.0,""counter"":{""weightSum"":2.0,""numInst"":2,""distributions"":[133455.0,1.78109635255225E10]},""categoricalSplit"":null,""continuousSplit"":0.0},""id"":30,""nextIds"":null}^"
0,"38797312^{""node"":{""featureIndex"":2,""gain"":5.933718469832696E8,""counter"":{""weightSum"":5.0,""numInst"":5,""distributions"":[785711.77,1.280543920122243E11]},""categoricalSplit"":null,""continuousSplit"":373030.49},""id"":5,""nextIds"":[11,12]}^"
0,"45088768^{""node"":{""featureIndex"":-1,""gain"":0.0,""counter"":{""weightSum"":3.0,""numInst"":3,""distributions"":[137253.13,1.9367000849037365E10]},""categoricalSplit"":null,""continuousSplit"":0.0},""id"":11,""nextIds"":null}^"
0,"51380224^{""node"":{""featureIndex"":1,""gain"":1.9337352638616866E8,""counter"":{""weightSum"":10.0,""numInst"":10,""distributions"":[1018906.8300000001,1.084815064913313E11]},""categoricalSplit"":null,""continuousSplit"":145667.425},""id"":17,""nextIds"":[19,20]}^"
0,"57671680^{""node"":{""featureIndex"":1,""gain"":5146984.56534338,""counter"":{""weightSum"":6.0,""numInst"":6,""distributions"":[546364.06,5.07247446123996E10]},""categoricalSplit"":null,""continuousSplit"":117093.66500000001},""id"":23,""nextIds"":[27,28]}^"
0,"63963136^{""node"":{""featureIndex"":-1,""gain"":0.0,""counter"":{""weightSum"":3.0,""numInst"":3,""distributions"":[122420.73999999999,1.5061086877469666E10]},""categoricalSplit"":null,""continuousSplit"":0.0},""id"":29,""nextIds"":null}^"
0,"70254592^{""node"":{""featureIndex"":1,""gain"":1.017216733606807E8,""counter"":{""weightSum"":25.0,""numInst"":25,""distributions"":[2680939.23,3.0372091321275146E11]},""categoricalSplit"":null,""continuousSplit"":88419.025},""id"":4,""nextIds"":[9,10]}^"
0,"76546048^{""node"":{""featureIndex"":2,""gain"":8.639658937510902E7,""counter"":{""weightSum"":21.0,""numInst"":21,""distributions"":[2344426.07,2.7519986607188135E11]},""categoricalSplit"":null,""continuousSplit"":215143.885},""id"":10,""nextIds"":[17,18]}^"
0,"82837504^{""node"":{""featureIndex"":-1,""gain"":0.0,""counter"":{""weightSum"":2.0,""numInst"":2,""distributions"":[88742.635,7.935114501508849E9]},""categoricalSplit"":null,""continuousSplit"":0.0},""id"":16,""nextIds"":null}^"
0,"89128960^{""node"":{""featureIndex"":1,""gain"":2.0291366007315135E8,""counter"":{""weightSum"":8.0,""numInst"":8,""distributions"":[926403.9,1.1273288023906741E11]},""categoricalSplit"":null,""continuousSplit"":118706.88},""id"":22,""nextIds"":[25,26]}^"
0,"95420416^{""node"":{""featureIndex"":-1,""gain"":0.0,""counter"":{""weightSum"":3.0,""numInst"":3,""distributions"":[88791.98,7.947214418983266E9]},""categoricalSplit"":null,""continuousSplit"":0.0},""id"":28,""nextIds"":null}^"
0,"101711872^{""node"":{""featureIndex"":0,""gain"":7.546158254404693E8,""counter"":{""weightSum"":6.0,""numInst"":6,""distributions"":[350650.71,2.74910219788699E10]},""categoricalSplit"":null,""continuousSplit"":8023.889999999999},""id"":3,""nextIds"":[7,8]}^"
0,"108003328^{""node"":{""featureIndex"":0,""gain"":2.1292179779025078E7,""counter"":{""weightSum"":4.0,""numInst"":4,""distributions"":[336513.16000000003,2.8521047140870197E10]},""categoricalSplit"":null,""continuousSplit"":33225.715},""id"":9,""nextIds"":[15,16]}^"
0,"114294784^{""node"":{""featureIndex"":-1,""gain"":0.0,""counter"":{""weightSum"":2.0,""numInst"":2,""distributions"":[79513.945,6.32540906892625E9]},""categoricalSplit"":null,""continuousSplit"":0.0},""id"":15,""nextIds"":null}^"
0,"120586240^{""node"":{""featureIndex"":-1,""gain"":0.0,""counter"":{""weightSum"":3.0,""numInst"":3,""distributions"":[133038.44666666668,1.79951597804942E10]},""categoricalSplit"":null,""continuousSplit"":0.0},""id"":21,""nextIds"":null}^"
0,"126877696^{""node"":{""featureIndex"":-1,""gain"":0.0,""counter"":{""weightSum"":3.0,""numInst"":3,""distributions"":[93329.37333333334,8.961033785149933E9]},""categoricalSplit"":null,""continuousSplit"":0.0},""id"":27,""nextIds"":null}^"
0,"133169152^{""node"":{""featureIndex"":1,""gain"":6.212586118728849E7,""counter"":{""weightSum"":9.0,""numInst"":9,""distributions"":[1477730.03,2.492304928995097E11]},""categoricalSplit"":null,""continuousSplit"":132381.175},""id"":2,""nextIds"":[5,6]}^"
0,"139460608^{""node"":{""featureIndex"":-1,""gain"":0.0,""counter"":{""weightSum"":3.0,""numInst"":3,""distributions"":[85912.05666666666,8.0638518914029665E9]},""categoricalSplit"":null,""continuousSplit"":0.0},""id"":8,""nextIds"":null}^"
0,"145752064^{""node"":{""featureIndex"":-1,""gain"":0.0,""counter"":{""weightSum"":2.0,""numInst"":2,""distributions"":[172001.91499999998,2.997630860278825E10]},""categoricalSplit"":null,""continuousSplit"":0.0},""id"":14,""nextIds"":null}^"
0,"152043520^{""node"":{""featureIndex"":-1,""gain"":0.0,""counter"":{""weightSum"":2.0,""numInst"":2,""distributions"":[129702.445,1.7520744073582253E10]},""categoricalSplit"":null,""continuousSplit"":0.0},""id"":20,""nextIds"":null}^"
0,"158334976^{""node"":{""featureIndex"":1,""gain"":2.922117449942551E7,""counter"":{""weightSum"":5.0,""numInst"":5,""distributions"":[634172.22,8.080518768345401E10]},""categoricalSplit"":null,""continuousSplit"":129138.91},""id"":26,""nextIds"":[29,30]}^"
0,"164626432^{""node"":{""featureIndex"":2,""gain"":3.716485778917229E8,""counter"":{""weightSum"":31.0,""numInst"":31,""distributions"":[3031589.94,3.312119351916214E11]},""categoricalSplit"":null,""continuousSplit"":45629.155},""id"":1,""nextIds"":[3,4]}^"
0,"170917888^{""node"":{""featureIndex"":-1,""gain"":0.0,""counter"":{""weightSum"":3.0,""numInst"":3,""distributions"":[30971.513333333336,1.0998221015536668E9]},""categoricalSplit"":null,""continuousSplit"":0.0},""id"":7,""nextIds"":null}^"
0,"177209344^{""node"":{""featureIndex"":-1,""gain"":0.0,""counter"":{""weightSum"":2.0,""numInst"":2,""distributions"":[174007.215,3.061174184085445E10]},""categoricalSplit"":null,""continuousSplit"":0.0},""id"":13,""nextIds"":null}^"
0,"183500800^{""node"":{""featureIndex"":1,""gain"":4.509491842800379E7,""counter"":{""weightSum"":8.0,""numInst"":8,""distributions"":[759501.9400000001,7.34400183441668E10]},""categoricalSplit"":null,""continuousSplit"":134386.385},""id"":19,""nextIds"":[23,24]}^"
0,"189792256^{""node"":{""featureIndex"":-1,""gain"":0.0,""counter"":{""weightSum"":3.0,""numInst"":3,""distributions"":[97410.56,1.0642564185204466E10]},""categoricalSplit"":null,""continuousSplit"":0.0},""id"":25,""nextIds"":null}^"
0,"196083712^{""node"":{""featureIndex"":2,""gain"":7.68789282183782E8,""counter"":{""weightSum"":40.0,""numInst"":40,""distributions"":[4509319.97,5.804424280911311E11]},""categoricalSplit"":null,""continuousSplit"":304875.175},""id"":0,""nextIds"":[1,2]}^"
0,"202375168^{""node"":{""featureIndex"":1,""gain"":1005307.0225048065,""counter"":{""weightSum"":4.0,""numInst"":4,""distributions"":[692018.26,1.211761008872854E11]},""categoricalSplit"":null,""continuousSplit"":147124.505},""id"":6,""nextIds"":[13,14]}^"
0,"208666624^{""node"":{""featureIndex"":-1,""gain"":0.0,""counter"":{""weightSum"":2.0,""numInst"":2,""distributions"":[186976.19,3.497669473255611E10]},""categoricalSplit"":null,""continuousSplit"":0.0},""id"":12,""nextIds"":null}^"
0,"214958080^{""node"":{""featureIndex"":1,""gain"":5.893829478975469E7,""counter"":{""weightSum"":11.0,""numInst"":11,""distributions"":[1325519.24,1.6671835958055E11]},""categoricalSplit"":null,""continuousSplit"":112230.705},""id"":18,""nextIds"":[21,22]}^"
0,"221249536^{""node"":{""featureIndex"":-1,""gain"":0.0,""counter"":{""weightSum"":2.0,""numInst"":2,""distributions"":[106568.94,1.1357636865883598E10]},""categoricalSplit"":null,""continuousSplit"":0.0},""id"":24,""nextIds"":null}^"
0,"227540992^{""node"":{""featureIndex"":-1,""gain"":0.0,""counter"":{""weightSum"":2.0,""numInst"":2,""distributions"":[133455.0,1.78109635255225E10]},""categoricalSplit"":null,""continuousSplit"":0.0},""id"":30,""nextIds"":null}^"
0,"233832448^{""node"":{""featureIndex"":2,""gain"":5.933718469832696E8,""counter"":{""weightSum"":5.0,""numInst"":5,""distributions"":[785711.77,1.280543920122243E11]},""categoricalSplit"":null,""continuousSplit"":373030.49},""id"":5,""nextIds"":[11,12]}^"
0,"240123904^{""node"":{""featureIndex"":-1,""gain"":0.0,""counter"":{""weightSum"":3.0,""numInst"":3,""distributions"":[137253.13,1.9367000849037365E10]},""categoricalSplit"":null,""continuousSplit"":0.0},""id"":11,""nextIds"":null}^"
0,"246415360^{""node"":{""featureIndex"":1,""gain"":1.9337352638616866E8,""counter"":{""weightSum"":10.0,""numInst"":10,""distributions"":[1018906.8300000001,1.084815064913313E11]},""categoricalSplit"":null,""continuousSplit"":145667.425},""id"":17,""nextIds"":[19,20]}^"
0,"252706816^{""node"":{""featureIndex"":1,""gain"":5146984.56534338,""counter"":{""weightSum"":6.0,""numInst"":6,""distributions"":[546364.06,5.07247446123996E10]},""categoricalSplit"":null,""continuousSplit"":117093.66500000001},""id"":23,""nextIds"":[27,28]}^"
0,"258998272^{""node"":{""featureIndex"":-1,""gain"":0.0,""counter"":{""weightSum"":3.0,""numInst"":3,""distributions"":[122420.73999999999,1.5061086877469666E10]},""categoricalSplit"":null,""continuousSplit"":0.0},""id"":29,""nextIds"":null}^"
0,"265289728^{""node"":{""featureIndex"":1,""gain"":1.017216733606807E8,""counter"":{""weightSum"":25.0,""numInst"":25,""distributions"":[2680939.23,3.0372091321275146E11]},""categoricalSplit"":null,""continuousSplit"":88419.025},""id"":4,""nextIds"":[9,10]}^"
0,"271581184^{""node"":{""featureIndex"":2,""gain"":8.639658937510902E7,""counter"":{""weightSum"":21.0,""numInst"":21,""distributions"":[2344426.07,2.7519986607188135E11]},""categoricalSplit"":null,""continuousSplit"":215143.885},""id"":10,""nextIds"":[17,18]}^"
0,"277872640^{""node"":{""featureIndex"":-1,""gain"":0.0,""counter"":{""weightSum"":2.0,""numInst"":2,""distributions"":[88742.635,7.935114501508849E9]},""categoricalSplit"":null,""continuousSplit"":0.0},""id"":16,""nextIds"":null}^"
0,"284164096^{""node"":{""featureIndex"":1,""gain"":2.0291366007315135E8,""counter"":{""weightSum"":8.0,""numInst"":8,""distributions"":[926403.9,1.1273288023906741E11]},""categoricalSplit"":null,""continuousSplit"":118706.88},""id"":22,""nextIds"":[25,26]}^"
0,"290455552^{""node"":{""featureIndex"":-1,""gain"":0.0,""counter"":{""weightSum"":3.0,""numInst"":3,""distributions"":[88791.98,7.947214418983266E9]},""categoricalSplit"":null,""continuousSplit"":0.0},""id"":28,""nextIds"":null}^"
0,"296747008^{""node"":{""featureIndex"":0,""gain"":7.546158254404693E8,""counter"":{""weightSum"":6.0,""numInst"":6,""distributions"":[350650.71,2.74910219788699E10]},""categoricalSplit"":null,""continuousSplit"":8023.889999999999},""id"":3,""nextIds"":[7,8]}^"
0,"303038464^{""node"":{""featureIndex"":0,""gain"":2.1292179779025078E7,""counter"":{""weightSum"":4.0,""numInst"":4,""distributions"":[336513.16000000003,2.8521047140870197E10]},""categoricalSplit"":null,""continuousSplit"":33225.715},""id"":9,""nextIds"":[15,16]}^"
0,"309329920^{""node"":{""featureIndex"":-1,""gain"":0.0,""counter"":{""weightSum"":2.0,""numInst"":2,""distributions"":[79513.945,6.32540906892625E9]},""categoricalSplit"":null,""continuousSplit"":0.0},""id"":15,""nextIds"":null}^"
0,"315621376^{""node"":{""featureIndex"":-1,""gain"":0.0,""counter"":{""weightSum"":3.0,""numInst"":3,""distributions"":[133038.44666666668,1.79951597804942E10]},""categoricalSplit"":null,""continuousSplit"":0.0},""id"":21,""nextIds"":null}^"
0,"321912832^{""node"":{""featureIndex"":-1,""gain"":0.0,""counter"":{""weightSum"":3.0,""numInst"":3,""distributions"":[93329.37333333334,8.961033785149933E9]},""categoricalSplit"":null,""continuousSplit"":0.0},""id"":27,""nextIds"":null}^"
0,"2097152^{""node"":{""featureIndex"":2,""gain"":3.716485778917229E8,""counter"":{""weightSum"":31.0,""numInst"":31,""distributions"":[3031589.94,3.312119351916214E11]},""categoricalSplit"":null,""continuousSplit"":45629.155},""id"":1,""nextIds"":[3,4]}^"
0,"8388608^{""node"":{""featureIndex"":-1,""gain"":0.0,""counter"":{""weightSum"":3.0,""numInst"":3,""distributions"":[30971.513333333336,1.0998221015536668E9]},""categoricalSplit"":null,""continuousSplit"":0.0},""id"":7,""nextIds"":null}^"
0,"14680064^{""node"":{""featureIndex"":-1,""gain"":0.0,""counter"":{""weightSum"":2.0,""numInst"":2,""distributions"":[174007.215,3.061174184085445E10]},""categoricalSplit"":null,""continuousSplit"":0.0},""id"":13,""nextIds"":null}^"
0,"20971520^{""node"":{""featureIndex"":1,""gain"":4.509491842800379E7,""counter"":{""weightSum"":8.0,""numInst"":8,""distributions"":[759501.9400000001,7.34400183441668E10]},""categoricalSplit"":null,""continuousSplit"":134386.385},""id"":19,""nextIds"":[23,24]}^"
0,"27262976^{""node"":{""featureIndex"":-1,""gain"":0.0,""counter"":{""weightSum"":3.0,""numInst"":3,""distributions"":[97410.56,1.0642564185204466E10]},""categoricalSplit"":null,""continuousSplit"":0.0},""id"":25,""nextIds"":null}^"
0,"33554432^{""node"":{""featureIndex"":2,""gain"":7.687892821837807E8,""counter"":{""weightSum"":40.0,""numInst"":40,""distributions"":[4509319.969999999,5.80442428091131E11]},""categoricalSplit"":null,""continuousSplit"":304875.175},""id"":0,""nextIds"":[1,2]}^"
0,"39845888^{""node"":{""featureIndex"":1,""gain"":1005307.0225048065,""counter"":{""weightSum"":4.0,""numInst"":4,""distributions"":[692018.26,1.211761008872854E11]},""categoricalSplit"":null,""continuousSplit"":147124.505},""id"":6,""nextIds"":[13,14]}^"
0,"46137344^{""node"":{""featureIndex"":-1,""gain"":0.0,""counter"":{""weightSum"":2.0,""numInst"":2,""distributions"":[186976.19,3.497669473255611E10]},""categoricalSplit"":null,""continuousSplit"":0.0},""id"":12,""nextIds"":null}^"
0,"52428800^{""node"":{""featureIndex"":1,""gain"":5.893829478975469E7,""counter"":{""weightSum"":11.0,""numInst"":11,""distributions"":[1325519.24,1.6671835958055E11]},""categoricalSplit"":null,""continuousSplit"":112230.705},""id"":18,""nextIds"":[21,22]}^"
0,"58720256^{""node"":{""featureIndex"":-1,""gain"":0.0,""counter"":{""weightSum"":2.0,""numInst"":2,""distributions"":[106568.94,1.1357636865883598E10]},""categoricalSplit"":null,""continuousSplit"":0.0},""id"":24,""nextIds"":null}^"
0,"65011712^{""node"":{""featureIndex"":-1,""gain"":0.0,""counter"":{""weightSum"":2.0,""numInst"":2,""distributions"":[133455.0,1.78109635255225E10]},""categoricalSplit"":null,""continuousSplit"":0.0},""id"":30,""nextIds"":null}^"
0,"71303168^{""node"":{""featureIndex"":2,""gain"":5.933718469832696E8,""counter"":{""weightSum"":5.0,""numInst"":5,""distributions"":[785711.77,1.280543920122243E11]},""categoricalSplit"":null,""continuousSplit"":373030.49},""id"":5,""nextIds"":[11,12]}^"
0,"77594624^{""node"":{""featureIndex"":-1,""gain"":0.0,""counter"":{""weightSum"":3.0,""numInst"":3,""distributions"":[137253.13,1.9367000849037365E10]},""categoricalSplit"":null,""continuousSplit"":0.0},""id"":11,""nextIds"":null}^"
0,"83886080^{""node"":{""featureIndex"":1,""gain"":1.9337352638616866E8,""counter"":{""weightSum"":10.0,""numInst"":10,""distributions"":[1018906.8300000001,1.084815064913313E11]},""categoricalSplit"":null,""continuousSplit"":145667.425},""id"":17,""nextIds"":[19,20]}^"
0,"90177536^{""node"":{""featureIndex"":1,""gain"":5146984.56534338,""counter"":{""weightSum"":6.0,""numInst"":6,""distributions"":[546364.06,5.07247446123996E10]},""categoricalSplit"":null,""continuousSplit"":117093.66500000001},""id"":23,""nextIds"":[27,28]}^"
0,"96468992^{""node"":{""featureIndex"":-1,""gain"":0.0,""counter"":{""weightSum"":3.0,""numInst"":3,""distributions"":[122420.73999999999,1.5061086877469666E10]},""categoricalSplit"":null,""continuousSplit"":0.0},""id"":29,""nextIds"":null}^"
0,"102760448^{""node"":{""featureIndex"":1,""gain"":1.017216733606807E8,""counter"":{""weightSum"":25.0,""numInst"":25,""distributions"":[2680939.23,3.0372091321275146E11]},""categoricalSplit"":null,""continuousSplit"":88419.025},""id"":4,""nextIds"":[9,10]}^"
0,"109051904^{""node"":{""featureIndex"":2,""gain"":8.639658937510902E7,""counter"":{""weightSum"":21.0,""numInst"":21,""distributions"":[2344426.07,2.7519986607188135E11]},""categoricalSplit"":null,""continuousSplit"":215143.885},""id"":10,""nextIds"":[17,18]}^"
0,"115343360^{""node"":{""featureIndex"":-1,""gain"":0.0,""counter"":{""weightSum"":2.0,""numInst"":2,""distributions"":[88742.635,7.935114501508849E9]},""categoricalSplit"":null,""continuousSplit"":0.0},""id"":16,""nextIds"":null}^"
0,"121634816^{""node"":{""featureIndex"":1,""gain"":2.0291366007315135E8,""counter"":{""weightSum"":8.0,""numInst"":8,""distributions"":[926403.9,1.1273288023906741E11]},""categoricalSplit"":null,""continuousSplit"":118706.88},""id"":22,""nextIds"":[25,26]}^"
0,"127926272^{""node"":{""featureIndex"":-1,""gain"":0.0,""counter"":{""weightSum"":3.0,""numInst"":3,""distributions"":[88791.98,7.947214418983266E9]},""categoricalSplit"":null,""continuousSplit"":0.0},""id"":28,""nextIds"":null}^"
0,"134217728^{""node"":{""featureIndex"":0,""gain"":7.546158254404693E8,""counter"":{""weightSum"":6.0,""numInst"":6,""distributions"":[350650.71,2.74910219788699E10]},""categoricalSplit"":null,""continuousSplit"":8023.889999999999},""id"":3,""nextIds"":[7,8]}^"
0,"140509184^{""node"":{""featureIndex"":0,""gain"":2.1292179779025078E7,""counter"":{""weightSum"":4.0,""numInst"":4,""distributions"":[336513.16000000003,2.8521047140870197E10]},""categoricalSplit"":null,""continuousSplit"":33225.715},""id"":9,""nextIds"":[15,16]}^"
0,"146800640^{""node"":{""featureIndex"":-1,""gain"":0.0,""counter"":{""weightSum"":2.0,""numInst"":2,""distributions"":[79513.945,6.32540906892625E9]},""categoricalSplit"":null,""continuousSplit"":0.0},""id"":15,""nextIds"":null}^"
0,"153092096^{""node"":{""featureIndex"":-1,""gain"":0.0,""counter"":{""weightSum"":3.0,""numInst"":3,""distributions"":[133038.44666666668,1.79951597804942E10]},""categoricalSplit"":null,""continuousSplit"":0.0},""id"":21,""nextIds"":null}^"
0,"159383552^{""node"":{""featureIndex"":-1,""gain"":0.0,""counter"":{""weightSum"":3.0,""numInst"":3,""distributions"":[93329.37333333334,8.961033785149933E9]},""categoricalSplit"":null,""continuousSplit"":0.0},""id"":27,""nextIds"":null}^"
0,"165675008^{""node"":{""featureIndex"":1,""gain"":6.212586118728849E7,""counter"":{""weightSum"":9.0,""numInst"":9,""distributions"":[1477730.03,2.492304928995097E11]},""categoricalSplit"":null,""continuousSplit"":132381.175},""id"":2,""nextIds"":[5,6]}^"
0,"171966464^{""node"":{""featureIndex"":-1,""gain"":0.0,""counter"":{""weightSum"":3.0,""numInst"":3,""distributions"":[85912.05666666666,8.0638518914029665E9]},""categoricalSplit"":null,""continuousSplit"":0.0},""id"":8,""nextIds"":null}^"
0,"178257920^{""node"":{""featureIndex"":-1,""gain"":0.0,""counter"":{""weightSum"":2.0,""numInst"":2,""distributions"":[172001.91499999998,2.997630860278825E10]},""categoricalSplit"":null,""continuousSplit"":0.0},""id"":14,""nextIds"":null}^"
0,"184549376^{""node"":{""featureIndex"":-1,""gain"":0.0,""counter"":{""weightSum"":2.0,""numInst"":2,""distributions"":[129702.445,1.7520744073582253E10]},""categoricalSplit"":null,""continuousSplit"":0.0},""id"":20,""nextIds"":null}^"
0,"190840832^{""node"":{""featureIndex"":1,""gain"":2.922117449942551E7,""counter"":{""weightSum"":5.0,""numInst"":5,""distributions"":[634172.22,8.080518768345401E10]},""categoricalSplit"":null,""continuousSplit"":129138.91},""id"":26,""nextIds"":[29,30]}^"
0,"197132288^{""node"":{""featureIndex"":2,""gain"":3.716485778917229E8,""counter"":{""weightSum"":31.0,""numInst"":31,""distributions"":[3031589.94,3.312119351916214E11]},""categoricalSplit"":null,""continuousSplit"":45629.155},""id"":1,""nextIds"":[3,4]}^"
0,"203423744^{""node"":{""featureIndex"":-1,""gain"":0.0,""counter"":{""weightSum"":3.0,""numInst"":3,""distributions"":[30971.513333333336,1.0998221015536668E9]},""categoricalSplit"":null,""continuousSplit"":0.0},""id"":7,""nextIds"":null}^"
0,"209715200^{""node"":{""featureIndex"":-1,""gain"":0.0,""counter"":{""weightSum"":2.0,""numInst"":2,""distributions"":[174007.215,3.061174184085445E10]},""categoricalSplit"":null,""continuousSplit"":0.0},""id"":13,""nextIds"":null}^"
0,"216006656^{""node"":{""featureIndex"":1,""gain"":4.509491842800379E7,""counter"":{""weightSum"":8.0,""numInst"":8,""distributions"":[759501.9400000001,7.34400183441668E10]},""categoricalSplit"":null,""continuousSplit"":134386.385},""id"":19,""nextIds"":[23,24]}^"
0,"222298112^{""node"":{""featureIndex"":-1,""gain"":0.0,""counter"":{""weightSum"":3.0,""numInst"":3,""distributions"":[97410.56,1.0642564185204466E10]},""categoricalSplit"":null,""continuousSplit"":0.0},""id"":25,""nextIds"":null}^"
0,"228589568^{""node"":{""featureIndex"":2,""gain"":7.687892821837875E8,""counter"":{""weightSum"":40.0,""numInst"":40,""distributions"":[4509319.970000002,5.80442428091131E11]},""categoricalSplit"":null,""continuousSplit"":304875.175},""id"":0,""nextIds"":[1,2]}^"
0,"234881024^{""node"":{""featureIndex"":1,""gain"":1005307.0225048065,""counter"":{""weightSum"":4.0,""numInst"":4,""distributions"":[692018.26,1.211761008872854E11]},""categoricalSplit"":null,""continuousSplit"":147124.505},""id"":6,""nextIds"":[13,14]}^"
0,"241172480^{""node"":{""featureIndex"":-1,""gain"":0.0,""counter"":{""weightSum"":2.0,""numInst"":2,""distributions"":[186976.19,3.497669473255611E10]},""categoricalSplit"":null,""continuousSplit"":0.0},""id"":12,""nextIds"":null}^"
0,"247463936^{""node"":{""featureIndex"":1,""gain"":5.893829478975469E7,""counter"":{""weightSum"":11.0,""numInst"":11,""distributions"":[1325519.24,1.6671835958055E11]},""categoricalSplit"":null,""continuousSplit"":112230.705},""id"":18,""nextIds"":[21,22]}^"
0,"253755392^{""node"":{""featureIndex"":-1,""gain"":0.0,""counter"":{""weightSum"":2.0,""numInst"":2,""distributions"":[106568.94,1.1357636865883598E10]},""categoricalSplit"":null,""continuousSplit"":0.0},""id"":24,""nextIds"":null}^"
0,"260046848^{""node"":{""featureIndex"":-1,""gain"":0.0,""counter"":{""weightSum"":2.0,""numInst"":2,""distributions"":[133455.0,1.78109635255225E10]},""categoricalSplit"":null,""continuousSplit"":0.0},""id"":30,""nextIds"":null}^"
0,"266338304^{""node"":{""featureIndex"":2,""gain"":5.933718469832696E8,""counter"":{""weightSum"":5.0,""numInst"":5,""distributions"":[785711.77,1.280543920122243E11]},""categoricalSplit"":null,""continuousSplit"":373030.49},""id"":5,""nextIds"":[11,12]}^"
0,"272629760^{""node"":{""featureIndex"":-1,""gain"":0.0,""counter"":{""weightSum"":3.0,""numInst"":3,""distributions"":[137253.13,1.9367000849037365E10]},""categoricalSplit"":null,""continuousSplit"":0.0},""id"":11,""nextIds"":null}^"
0,"278921216^{""node"":{""featureIndex"":1,""gain"":1.9337352638616866E8,""counter"":{""weightSum"":10.0,""numInst"":10,""distributions"":[1018906.8300000001,1.084815064913313E11]},""categoricalSplit"":null,""continuousSplit"":145667.425},""id"":17,""nextIds"":[19,20]}^"
0,"285212672^{""node"":{""featureIndex"":1,""gain"":5146984.56534338,""counter"":{""weightSum"":6.0,""numInst"":6,""distributions"":[546364.06,5.07247446123996E10]},""categoricalSplit"":null,""continuousSplit"":117093.66500000001},""id"":23,""nextIds"":[27,28]}^"
0,"291504128^{""node"":{""featureIndex"":-1,""gain"":0.0,""counter"":{""weightSum"":3.0,""numInst"":3,""distributions"":[122420.73999999999,1.5061086877469666E10]},""categoricalSplit"":null,""continuousSplit"":0.0},""id"":29,""nextIds"":null}^"
0,"297795584^{""node"":{""featureIndex"":1,""gain"":1.017216733606807E8,""counter"":{""weightSum"":25.0,""numInst"":25,""distributions"":[2680939.23,3.0372091321275146E11]},""categoricalSplit"":null,""continuousSplit"":88419.025},""id"":4,""nextIds"":[9,10]}^"
0,"304087040^{""node"":{""featureIndex"":2,""gain"":8.639658937510902E7,""counter"":{""weightSum"":21.0,""numInst"":21,""distributions"":[2344426.07,2.7519986607188135E11]},""categoricalSplit"":null,""continuousSplit"":215143.885},""id"":10,""nextIds"":[17,18]}^"
0,"310378496^{""node"":{""featureIndex"":-1,""gain"":0.0,""counter"":{""weightSum"":2.0,""numInst"":2,""distributions"":[88742.635,7.935114501508849E9]},""categoricalSplit"":null,""continuousSplit"":0.0},""id"":16,""nextIds"":null}^"
0,"316669952^{""node"":{""featureIndex"":1,""gain"":2.0291366007315135E8,""counter"":{""weightSum"":8.0,""numInst"":8,""distributions"":[926403.9,1.1273288023906741E11]},""categoricalSplit"":null,""continuousSplit"":118706.88},""id"":22,""nextIds"":[25,26]}^"
0,"322961408^{""node"":{""featureIndex"":-1,""gain"":0.0,""counter"":{""weightSum"":3.0,""numInst"":3,""distributions"":[88791.98,7.947214418983266E9]},""categoricalSplit"":null,""continuousSplit"":0.0},""id"":28,""nextIds"":null}^"
